<?xml version="1.0" ?>
<!DOCTYPE msxconfig SYSTEM 'msxconfig2.dtd'>
<msxconfig>

  <info>
    <manufacturer></manufacturer>
    <code>MSX German</code>
    <release_year></release_year>
    <description/>
    <type>MSX</type>
  </info>

  <CassettePort/>

  <devices>

    <PPI id="ppi">
      <key_ghosting>true</key_ghosting>
      <sound>
        <volume>16000</volume>
      </sound>
      <io base="0xA8" num="4"/>
    </PPI>

    <VDP id="VDP">
      <version>TMS9929A</version>
      <io base="0x98" num="2"/>
    </VDP>

    <PSG id="PSG">
      <sound>
        <volume>21000</volume>
      </sound>
      <io base="0xA0" num="2" type="O"/>
      <io base="0xA2" num="1" type="I"/>
    </PSG>

    <PrinterPort id="Printer Port">
      <io base="0x90" num="2"/>
    </PrinterPort>

    <primary slot="0">
      <ROM id="MSX BIOS with BASIC ROM">
        <rom>
          <filename>msxg.rom</filename>
        </rom>
        <mem base="0x0000" size="0x8000"/>
      </ROM>
    </primary>

    <primary external="true" slot="1"/>

    <primary external="true" slot="2">
        <WD2793 id="Memory Mapped FDC">
          <broken_fdc_read>false</broken_fdc_read>
          <drives>2</drives>
          <rom>
            <filename>philipsdisk.rom</filename>
          </rom>
          <mem base="0x4000" size="0x8000"/>
        </WD2793>
    </primary>

    <primary slot="3">
        <RAM id="Main RAM">
          <mem base="0x0000" size="0x10000"/>
        </RAM>
    </primary>

  </devices>

</msxconfig>


